Column1,Column2,Column3,Column4,Column5,Column6,Column7
Company Name,Website URL,Contact Number,Location/Address,Industry/Category,Company Description,Email Address
Geeks On Site,,,,Computers & Computer Equipment-Service & Repair,,
AAA All Voice And Data Inc.,,,,Computer Cable & Wire InstallationComputer System Designers & Consultants,,
My Computer Works,,(800) 262-2219,,Computer Service & Repair-BusinessComputer Technical Assistance & Support ServicesComputer Software & Services,,
Geeks On Site,,(800) 531-2349,,Computers & Computer Equipment-Service & Repair,,
My Computer Works,,(877) 201-0623,,Computers & Computer Equipment-Service & Repair,,
Geeks on Site,,(877) 223-4607,,Computer Software & ServicesComputer Printers & SuppliesHome Theater Systems,,
AAA All Voice And Data Inc.,https://api.superpages.com/xml/search?SRC=ypintfeed&subaffiliate=DXC&PGID=e02.7182.8182845904523&SPGID=1730877045529.dc29571f&ADID=11857609&DEST=https%3A%2F%2Faaa-avadny.mydex.com%2F9jX5aKjS4JQ&C=IT%20Services&T=Brooklyn&S=NY&PH=(646)%20921-7849&FL=url&TL=off&position=4&PS=30&PI=1&Results=FEED_CLCK&uid=dc29571f-e4e8-4dff-ad65-954498a796d9&REF=&IP=34.30.185.145&UserAgent=Mozilla%2F5.0%20(Windows%20NT%2010.0%3B%20Win64%3B%20x64)%20AppleWebKit%2F537.36%20(KHTML%2C%20like%20Gecko)%20Chrome%2F70.0.3538.77%20Safari%2F537.36,(646) 921-7849,303 Avenue P Apt F7,Telecommunications ConsultantsComputer Network Design & SystemsComputer System Designers & Consultants,,
Jean Martin Insurance Inc,https://www.jeanmartin.com/contact.html,(833) 277-0597,"551 5Th Avenue, Suite 1425",Concrete ContractorsComputer Technical Assistance & Support ServicesSeptic Tanks & Systems,,
EgeekPRO INC,,(212) 388-5943,42 Broadway,Computers & Computer Equipment-Service & RepairTelephone Equipment & Systems-Repair & ServiceMobile Device Repair,,
SourceCom Communications,,(844) 768-7240,275 Madison Ave,Utility CompaniesTelephone CompaniesComputers & Computer Equipment-Service & Repair,,
Computer Overhauls,http://www.computeroverhauls.com,(212) 216-9711,7 Penn Plz Ste 749,Computer & Equipment DealersConsumer ElectronicsComputers & Computer Equipment-Service & Repair,,
New York Computer Help - Midtown,http://www.newyorkcomputerhelp.com,(212) 599-0339,"53 E 34th St, 3rd Floor",Computers & Computer Equipment-Service & RepairComputer Data RecoveryHome Theater Systems,,
TecProtocol Business Solutions,http://www.tecprotocol.com,(212) 500-6644,"353 W 48th St, Suite# 454",Computer Software & ServicesCopiers & Supplies-Wholesale & ManufacturersPrinters-Equipment & Supplies,,
ABC Computer Service,http://abccomputerservices.com,(212) 725-3511,15 E 40th St Rm 903,Computer Service & Repair-BusinessComputers & Computer Equipment-Service & Repair,,
Computer Guys,,(212) 414-0321,18 E 16th St,Computer Service & Repair-BusinessComputer & Equipment DealersComputer Technical Assistance & Support Services,,
Jay Shapiro Computers,https://www.jayshapirocomputers.com/contact,(877) 747-1711,1313 3rd Ave,Computer Software & ServicesMachine ShopsMachinery Cleaning Service,,
Thirty5Tech - NYC Computer Repair,http://www.thirty5tech.com,(917) 508-6047,35 Fort Washington Ave Apt 3c,Computer Technical Assistance & Support ServicesComputer Service & Repair-BusinessComputers & Computer Equipment-Service & Repair,,
NY Citi Technologies,,(917) 267-9816,On-Site Services,Computer System Designers & ConsultantsComputer Software & ServicesComputer Rooms-Installation & Equipment,,
NyITTech - Computer Repair NYC,,(718) 360-2750,360 W 57th St,Computer Data RecoveryComputer Online ServicesComputer Software & Services,,
Mike's Tech Shop,http://www.mikestechshop.com,(212) 924-6453,120 W 20th St,Computers & Computer Equipment-Service & RepairComputer Hardware & Supplies,,
Link Sys,,(646) 370-1963,303 W 42nd St Ste 52,Mobile Home Equipment & PartsMobile Home Repair & ServiceComputer Software & Services,,
b4computers,http://www.b4computers.com,(718) 675-4069,28 Warren ST,Computer System Designers & ConsultantsComputer Technical Assistance & Support ServicesComputer Service & Repair-Business,,
JoeNYC,http://www.joenyc.com,(212) 777-2986,77 Bleecker St Apt C2-21,Computer Network Design & SystemsComputer System Designers & ConsultantsComputer Technical Assistance & Support Services,,
Invenio IT,http://invenioit.com,(646) 395-1170,122 W 26th St,Computer & Equipment DealersComputer Printers & SuppliesComputer Technical Assistance & Support Services,,
NYC Data Recovery Services,http://www.datarecoverynycny.com,(212) 729-6594,373 Park Ave S,Computer Service & Repair-BusinessComputers & Computer Equipment-Service & Repair,,
NIMAX,http://www.gonimax.com,(347) 788-0122,234 5th Ave Fl 405,Computer Data RecoveryComputer Online ServicesComputer Software & Services,,
"YaFix, Apple iPhone, iPad, iPod, & Macbook Repair",http://www.flickr.com/photos/yafix,(347) 669-2349,349 5th Ave,Cellular Telephone ServiceComputers & Computer Equipment-Service & Repair,,
Ramp Up Technology,,(212) 633-0656,108 W 39th St,Computer Online ServicesComputer Software & ServicesComputer Rooms-Installation & Equipment,,
City Tech Wizards,http://www.citytechwizards.com,(646) 820-4369,325 W 38th St Rm 1105,Computer Online ServicesComputer Software & ServicesComputer Rooms-Installation & Equipment,,
Computer Integrated Services Company of Ny,https://www.cisus.com,(212) 577-6033,12 E 44th St,Computer Network Design & SystemsComputer System Designers & ConsultantsSystem Integration Engineers,,
Pc Doctor,,(917) 399-1794,645 12th Ave,Computer Online ServicesComputer Software & ServicesComputer Service & Repair-Business,,
Sentril Tech,,(646) 283-9667,445 E 65th St Apt 6b,Computers & Computer Equipment-Service & Repair,,
iFix New York,http://www.ifixny.com,(212) 933-4440,247 E 77th St,Computer Data RecoveryCellular Telephone Equipment & SuppliesComputers & Computer Equipment-Service & Repair,,
Daniel Express Communications,http://danielexpress.com,(212) 877-2200,495 Amsterdam Ave,Consumer ElectronicsCellular Telephone Equipment & SuppliesCellular Telephone Service,,
"PSOFNTECH, INC",http://www.psofntech.com,(212) 740-1300,1221 Saint Nicholas Ave,Computer Online ServicesGraphic DesignersComputers & Computer Equipment-Service & Repair,,
Icompunet Inc,http://www.icompunet.com,(212) 461-1019,75 Maiden Ln Ste 335,Computer Service & Repair-BusinessComputers & Computer Equipment-Service & RepairComputer Software & Services,,
TriStateTek,,(212) 748-9290,248 W 35th St Rm 1206,Computer Data RecoveryComputer Service & Repair-BusinessComputers & Computer Equipment-Service & Repair,,
Technology Pros,,(800) 778-5331,20 W 44th St,Computer Data RecoveryComputer Service & Repair-BusinessComputers & Computer Equipment-Service & Repair,,
Little Laptop Shop,http://www.littlelaptopshop.com,(212) 674-3111,7 Clinton St,Computer Service & Repair-BusinessComputer & Equipment DealersComputers & Computer Equipment-Service & Repair,,
D & Q Computer Inc,http://www.dandqcomputer.com/contact,(212) 260-8236,206 Avenue B,Computers & Computer Equipment-Service & Repair,,
Mac Concierge Inc,http://www.macconcierge.com,(212) 533-8222,55 W 21st St,Computer Network Design & SystemsComputer Data RecoveryComputer Technical Assistance & Support Services,,
Pure Logic,http://www.purelogic.com,(212) 675-9800,148 W 24th St,Computers & Computer Equipment-Service & Repair,,
Mac Hattan,http://machattan.com,(212) 242-9393,249 W 34th St,Computer & Equipment DealersComputers & Computer Equipment-Service & Repair,,
Computer Repair NYC,http://www.audiovideonyc.com,(212) 729-4305,519 8th Ave,Computer & Equipment Renting & LeasingComputer System Designers & ConsultantsComputer Service & Repair-Business,,
Precision Discovery,http://precisiondiscovery.com,(212) 292-1161,25 W 45th St Ste 701,Computer & Equipment DealersComputers & Computer Equipment-Service & Repair,,
3 H Technologies,http://www.apple.com,(212) 588-8760,1173 2nd Ave Frnt 1,Computer Network Design & SystemsComputer & Equipment DealersComputer System Designers & Consultants,,
My Computer Tech Inc,http://www.mycomputertechinc.com,(212) 828-1600,400 E 87th St,Computer Service & Repair-BusinessComputer & Equipment DealersComputers & Computer Equipment-Service & Repair,,
Computer Guys,,(212) 288-2416,229 E 84th St Frnt 2,Computers & Computer Equipment-Service & RepairComputer Network Design & SystemsComputer & Equipment Dealers,,
Hitec Computer Repairs,,(212) 374-1008,108 Duane St,Computers & Computer Equipment-Service & Repair,,
Sotis Business Technology,,(646) 289-5902,79 Leonard St,Computers & Computer Equipment-Service & RepairCopy Machines & Supplies,,
Nerd On Demand,http://nerdondemand.com,(646) 801-6373,96 Cedar St,Computer Network Design & SystemsComputer Service & Repair-BusinessComputers & Computer Equipment-Service & Repair,,
Pinnadyne,http://www.pinnadyne.com,(877) 851-5250,30 Broad St,Computer Network Design & SystemsComputer Online ServicesComputer Software & Services,,
Aspeed,,(646) 633-4900,1 Penn Plz,Computers & Computer Equipment-Service & RepairComputer Software Publishers & DevelopersComputer & Equipment Dealers,,
Techknowsphere Solutions Inc,http://transbeam.com,(212) 391-1570,20 W 36th St,Computers & Computer Equipment-Service & Repair,,
Asap Computer Repair Service,,(347) 705-7369,445 9th Ave # 900216,Computer Service & Repair-BusinessComputers & Computer Equipment-Service & Repair,,
Advanced Computer Technologies Inc,http://www.actweb.com,(212) 764-6430,200 Park Ave,Computer & Equipment DealersComputers & Computer Equipment-Service & Repair,,
877TECH Of New York City,,(646) 553-1618,845 3rd Ave Fl 6,Computers & Computer Equipment-Service & Repair,,
Bion Tech,http://biontech.com,(516) 596-5443,641 Lexington Ave,Computers & Computer Equipment-Service & RepairComputer & Equipment Dealers,,
Geek National,http://gicny.com,(212) 488-0001,410 Park Ave,Computers & Computer Equipment-Service & RepairComputer & Equipment Dealers,,
Ibmtss,,(212) 572-2900,909 3rd Ave,Computer-Wholesale & ManufacturersComputers & Computer Equipment-Service & Repair,,
Computer Repair - Geeks Mobile,,(718) 360-9369,310 W 72nd St,Computers & Computer Equipment-Service & RepairComputer Service & Repair-Business,,
Ng Tech Inc,,(212) 396-2088,217 E 85th St,Computers & Computer Equipment-Service & Repair,,
Computer Hospital,https://computer-hospital.com,(212) 568-6767,2087 Amsterdam Ave,Computer Service & Repair-BusinessComputers & Computer Equipment-Service & RepairComputer & Equipment Dealers,,
Geek Choice,http://www.geekchoice.com/New-York,(212) 564-7500,243 W Broadway,Computers & Computer Equipment-Service & Repair,,
Corporate Innovation Technologies,,(212) 498-9992,10 East 40 St,Computer Network Design & SystemsComputer Software & ServicesComputer Technical Assistance & Support Services,,
Miracle Technologies Inc,https://www.miracletechs.com,(646) 237-4472,30 Wall St,Computer Network Design & SystemsComputers & Computer Equipment-Service & RepairComputer Service & Repair-Business,,
Integrate New York,,(855) 254-4396,110 W 40th St Rm 1004,Computer Technical Assistance & Support Services,,
Mac PC NY,,(212) 991-8240,7 Dey St,Computer Software & ServicesComputer Service & Repair-BusinessComputers & Computer Equipment-Service & Repair,,
GreenTech Expert,,(917) 497-7023,,Computer Technical Assistance & Support ServicesComputer Security-Systems & ServicesComputer Network Design & Systems,,
Hello Nerds,https://www.hellonerds.ca,(888) 878-0593,77 Water St 7th Fl,Computer Technical Assistance & Support ServicesComputer Data RecoveryComputers & Computer Equipment-Service & Repair,,
Tecniquo,,(800) 562-5648,41 River Ter,Computer Cable & Wire InstallationComputer Network Design & SystemsComputer Technical Assistance & Support Services,,
Hi-Tech Electronics Camera and Macbook Repair,http://www.newhitech.net,(212) 219-3794,47 Canal st,Television & Radio-Service & RepairElectronic Equipment & Supplies-Repair & ServiceComputers & Computer Equipment-Service & Repair,,
Apple Grand Central,https://www.apple.com/retail/grandcentral?cid=aos-us-seo-maps,(212) 284-1800,45 Grand Central Terminal,Consumer ElectronicsComputers & Computer Equipment-Service & RepairComputer & Equipment Dealers,,
SpeedGeek,http://www.speedgeek.com,(212) 641-0008,20 Vesey Street,Computer Technical Assistance & Support ServicesComputers & Computer Equipment-Service & Repair,,
Cyber Security,http://www.aspiretss.com,(917) 600-9233,380 Lexington Ave,Computer Technical Assistance & Support ServicesComputer Network Design & SystemsComputer & Equipment Dealers,,
NY City Geek,,(212) 537-6835,666 3rd Ave,Computer Service & Repair-BusinessComputers & Computer Equipment-Service & RepairMobile Device Repair,,
Digital Repairs NYC,,(917) 946-6487,736 7th Ave,Electronic Equipment & Supplies-Repair & ServiceComputer Technical Assistance & Support ServicesComputer Service & Repair-Business,,
Computer Troubleshooters,http://www.comptroub.com,(212) 686-1234,132 Madison Ave,Computers & Computer Equipment-Service & RepairComputer & Equipment DealersComputer Software & Services,,
Offshore Computing Service Limited,,(212) 709-8338,67 Wall St,Computer Technical Assistance & Support Services,,
Apple Berry Parts Inc 57 St,,(212) 581-0600,205 W 57th St,Computers & Computer Equipment-Service & RepairInternet Service Providers (ISP)Computer Hardware & Supplies,,
SGU Consulting,http://www.sguconsulting.com,(212) 380-1333,110 W 140th St,Computers & Computer Equipment-Service & RepairComputer Hardware & Supplies,,
Brealcorp,,(917) 677-9810,,Computer Cable & Wire InstallationComputer Network Design & SystemsComputer Data Recovery,,
Data Vision,http://www.datavis.com,(212) 689-1111,225 W 39th St,Computers & Computer Equipment-Service & RepairComputer & Equipment DealersConsumer Electronics,,
LaptopMD - Computer & iPhone Repair,http://www.laptopmd.com,(212) 920-4833,"247 West 38th Street, #602",Computer Data RecoveryComputer Technical Assistance & Support ServicesComputer Service & Repair-Business,,
Geek Squad,http://www.geeksquad.com,(800) 371-6275,529 5th Ave,Computers & Computer Equipment-Service & RepairComputer Network Design & SystemsComputer Technical Assistance & Support Services,,
Atomic Bytes Inc,https://sherlockdatarecovery.com/location,(212) 249-9888,500 E 87th St,Computer Data RecoveryComputer Network Design & SystemsComputers & Computer Equipment-Service & Repair,,
American Copy Machine LTD.,http://www.americancopymachines.com,(212) 244-2727,141 W 28th St Fl 10,Copy Machines & SuppliesComputers & Computer Equipment-Service & RepairOffice Furniture & Equipment-Wholesale & Manufacturers,,
Cybercity,https://www.cybercity.nyc,(212) 633-0649,224 W 30th St,Computers & Computer Equipment-Service & RepairComputer System Designers & Consultants,,
Global Data Publications Inc,https://www.globaldata.com/contact-us,(646) 395-5460,441 Lexington Ave,Computer Technical Assistance & Support ServicesComputer Software & Services,,
New York Computer Help - SOHO,https://www.newyorkcomputerhelp.com,(212) 599-0339,110 Greene St Fl 11,Computers & Computer Equipment-Service & RepairConsumer ElectronicsComputer System Designers & Consultants,,
Promethean IT,,(212) 226-6686,65 Bleecker St,Computer Security-Systems & ServicesComputer Software & ServicesComputer Technical Assistance & Support Services,,
Tech Support 4 NYC,http://www.techsupport4nyc.com,(877) 467-4989,900 Avenue Of The Americas,Computer Network Design & SystemsComputer Service & Repair-BusinessComputers & Computer Equipment-Service & Repair,,
